{
  "_description": "Per-feature statistics computed from VeReMi balanced dataset — benign class only (113,477 rows). Generated by generate_feature_stats.py. Do NOT hand-edit.",
  "_generated_from": "balanced_veremi_dataset.csv",
  "_feature_order": ["rcvTime","pos_0","pos_1","pos_noise_0","pos_noise_1","spd_0","spd_1","spd_noise_0","spd_noise_1","acl_0","acl_1","acl_noise_0","acl_noise_1","hed_0","hed_1","hed_noise_0","hed_noise_1"],
  "_note_headings": "hed_0 and hed_1 are in DEGREES (0-360), not unit vectors. Both components represent heading angle independently in VeReMi.",

  "rcvTime":      { "mean": 49969.36013,  "std": 28843.160493, "min": 0.74859,       "max": 99994.74188,  "p05": 5076.944768,   "p95": 94953.254432 },
  "pos_0":        { "mean": 0.066574,     "std": 57.863156,    "min": -99.998261,    "max": 99.997326,    "p05": -90.146712,    "p95": 89.989044 },
  "pos_1":        { "mean": -0.166975,    "std": 57.698695,    "min": -99.99982,     "max": 99.997928,    "p05": -90.20069,     "p95": 89.846583 },
  "pos_noise_0":  { "mean": 0.000191,     "std": 0.028925,     "min": -0.05,         "max": 0.05,         "p05": -0.044994,     "p95": 0.044998 },
  "pos_noise_1":  { "mean": 0.000019,     "std": 0.028887,     "min": -0.049998,     "max": 0.05,         "p05": -0.045016,     "p95": 0.044989 },
  "spd_0":        { "mean": 25.026406,    "std": 14.43438,     "min": 0.000019,      "max": 49.999537,    "p05": 2.513923,      "p95": 47.485478 },
  "spd_1":        { "mean": 25.075875,    "std": 14.437971,    "min": 0.000025,      "max": 49.999283,    "p05": 2.523324,      "p95": 47.524978 },
  "spd_noise_0":  { "mean": 0.00006,      "std": 0.028795,     "min": -0.05,         "max": 0.049997,     "p05": -0.044917,     "p95": 0.044986 },
  "spd_noise_1":  { "mean": 0.000039,     "std": 0.028888,     "min": -0.049994,     "max": 0.05,         "p05": -0.044953,     "p95": 0.044987 },
  "acl_0":        { "mean": 0.011037,     "std": 2.882762,     "min": -4.999776,     "max": 4.999951,     "p05": -4.496328,     "p95": 4.509943 },
  "acl_1":        { "mean": 0.001008,     "std": 2.885289,     "min": -4.999879,     "max": 4.999859,     "p05": -4.503338,     "p95": 4.503618 },
  "acl_noise_0":  { "mean": 0.000079,     "std": 0.028867,     "min": -0.05,         "max": 0.05,         "p05": -0.045032,     "p95": 0.044974 },
  "acl_noise_1":  { "mean": -0.000032,    "std": 0.028890,     "min": -0.049999,     "max": 0.05,         "p05": -0.045025,     "p95": 0.04498 },
  "hed_0":        { "mean": 180.155177,   "std": 104.096212,   "min": 0.001458,      "max": 359.998636,   "p05": 17.861946,     "p95": 342.265587 },
  "hed_1":        { "mean": 180.100071,   "std": 103.803670,   "min": 0.001838,      "max": 359.997274,   "p05": 18.145981,     "p95": 342.32109 },
  "hed_noise_0":  { "mean": -0.000108,    "std": 0.028891,     "min": -0.05,         "max": 0.049999,     "p05": -0.045103,     "p95": 0.044957 },
  "hed_noise_1":  { "mean": -0.000008,    "std": 0.028868,     "min": -0.049999,     "max": 0.049999,     "p05": -0.044989,     "p95": 0.045063 }
}